sr_location,trash_quad,case_number,overdue
"5106 E FALLEN BOUGH, HOUSTON 77041",NE,101003884497,174
"10050 BURNSIDE, HOUSTON 77041",NE,101003884605,174
"5618 TRIWAY, HOUSTON 77041",NE,101003884697,174
"843 ASHLAND, HOUSTON 77007",NE,101003926385,84
"5203 HOLLY VIEW, HOUSTON 77091",NE,101003930994,152
"9138 SUNNYWOOD, HOUSTON 77088",NE,101003931150,152
Intersection 2900 BINGLE RD&8450 KEMPWOOD DR,,101003931475,49
"6402 WOODLAND TRAILS, HOUSTON 77088",,101003931798,49
"225 TALLANT, HOUSTON 77076",,101003934484,44
"1507 TANNEHILL, HOUSTON 77008",,101003936901,43
"9314 MONTRIDGE, HOUSTON 77080",,101003938124,42
"9509 ALDINE WESTFIELD, HOUSTON 77093",,101003971681,29
"7304 BAUMAN, HOUSTON 77022",,101003971798,29
"6310 CHAPMAN, HOUSTON 77022",,101003971838,29
"1407 E 35TH, HOUSTON 77022",,101003971860,29
"315 DORCHESTER, HOUSTON 77022",,101003971937,29
"3213 REID, HOUSTON 77026",,101003972017,29
"7701 JENSEN, HOUSTON 77093",,101003972072,29
"2131 PINE TREE, HOUSTON 77093",,101003972093,29
"3413 DARDEN, HOUSTON 77093",,101003972283,29
"5600 MOHAWK, HOUSTON 77016",,101003972326,29
"1218 KING, HOUSTON 77022",,101003972463,29
"905 WESTFORD, HOUSTON 77022",,101003972539,29
"1206 RIGGS, HOUSTON 77022",,101003972655,29
"7931 LOCKSLEY, HOUSTON 77078",,101003972785,29
"7962 LOCKSLEY, HOUSTON 77078",,101003972822,29
"8619 VALLEY SOUTH, HOUSTON 77078",,101003972824,29
"8022 NARROW BROOK, HOUSTON 77016",,101003972829,29
"10323 MOONSET, HOUSTON 77016",,101003972832,29
"8107 PENROD, HOUSTON 77028",,101003972836,29
"10111 VALLEY BREEZE, HOUSTON 77078",,101003972839,29
"9314 HOMEWOOD, HOUSTON 77078",,101003972911,28
"7930 MATSON, HOUSTON 77078",,101003972927,28
"9234 TALTON, HOUSTON 77078",,101003973030,28
"8229 LAURA KOPPE, HOUSTON 77028",,101003973063,28
"8426 DARLINGTON, HOUSTON 77028",,101003973068,28
"9218 HOMEWOOD, HOUSTON 77078",,101003973095,28
"9738 HILLIS, HOUSTON 77078",,101003973097,28
"9742 HILLIS, HOUSTON 77078",,101003973163,28
"8423 RINN, HOUSTON 77078",,101003973194,28
"8711 VALLEY SONG, HOUSTON 77078",,101003973195,28
"9238 WOODLYN, HOUSTON 77078",,101003973246,28
"7934 CAROLWOOD, HOUSTON 77028",,101003973304,28
"7935 CLAIBORNE, HOUSTON 77078",,101003973480,28
"2402 MOREAU, HOUSTON 77093",,101003973567,28
"8614 SHADY VISTA, HOUSTON 77028",,101003973571,28
"5508 EASTLAND, HOUSTON 77028",,101003973572,28
"1725 SKINNER, HOUSTON 77093",,101003973607,28
"3406 BOSTIC, HOUSTON 77093",,101003973650,28
"9262 LINDA VISTA, HOUSTON 77078",,101003973686,28
"3015 OKLAHOMA, HOUSTON 77093",,101003973718,28
"5821 POLLY, HOUSTON 77016",,101003973744,28
"1806 ROXELLA, HOUSTON 77093",,101003973838,28
"7701 PARKER, HOUSTON 77016",,101003974137,28
"4809 JONES, HOUSTON 77016",,101003974165,28
"7215 BANYAN, HOUSTON 77028",,101003974245,27
"7209 RHOBELL, HOUSTON 77016",,101003974255,27
"7429 YOE, HOUSTON 77016",,101003974258,27
"7111 SANDRA, HOUSTON 77028",,101003974272,27
"10315 REBEL, HOUSTON 77016",,101003974293,27
"7610 BIGWOOD, HOUSTON 77016",,101003974305,27
"6928 APACHE, HOUSTON 77028",,101003974412,27
"7307 GORE, HOUSTON 77016",,101003974462,27
"7713 BOGGESS, HOUSTON 77016",,101003974464,27
"7449 BYWOOD, HOUSTON 77028",,101003974469,27
"7633 LAKEWOOD, HOUSTON 77016",,101003974478,27
"7419 BOGGESS, HOUSTON 77016",,101003974497,27
"7050 PEYTON, HOUSTON 77028",,101003974552,27
"7441 GLEASON, HOUSTON 77016",,101003974554,27
"5001 BOICEWOOD, HOUSTON 77016",,101003974571,27
"7633 FEROL, HOUSTON 77016",,101003974640,27
"7202 JAY, HOUSTON 77028",,101003974685,27
"8221 AUTUMN, HOUSTON 77016",,101003974695,27
"7206 WILEY, HOUSTON 77016",,101003974703,27
"6906 JAY, HOUSTON 77028",,101003974750,27
"7716 BRETSHIRE, HOUSTON 77016",,101003974758,27
"10116 HOMESTEAD, HOUSTON 77016",,101003974770,27
"7722 FEROL, HOUSTON 77016",,101003974797,27
"6820 HOFFMAN, HOUSTON 77028",,101003974816,27
"4103 HERMITAGE HOLLOW, HOUSTON 77339",,101003974818,27
"7213 BOGGESS, HOUSTON 77016",,101003974899,27
"8506 AUTUMN, HOUSTON 77016",,101003974957,27
"7212 N WAYSIDE, HOUSTON 77028",,101003975036,27
"714 E E 20TH, HOUSTON 77008",,101003975105,27
"6941 JAY, HOUSTON 77028",,101003975114,27
"5608 #1 PETTY, HOUSTON 77007",,101003975123,27
"8216 SPAULDING, HOUSTON 77016",,101003975137,27
"225 WALLACE, HOUSTON 77022",,101003975139,27
"709 BAYLAND, HOUSTON 77009",,101003975144,27
"7143 LEY, HOUSTON 77028",,101003975177,27
"908 W COTTAGE, HOUSTON 77009",,101003975257,27
"7223 SANDRA, HOUSTON 77028",,101003975282,27
"1434 A PRINCE, HOUSTON 77008",,101003975331,27
"1635 W 23RD, HOUSTON 77008",,101003975337,27
"6805 ROANOKE, HOUSTON 77028",,101003975344,27
"623 HEIGHTS, HOUSTON 77007",,101003975355,27
"9435 CONGER, HOUSTON 77075",,101003975359,27
"1819 STUDEWOOD, HOUSTON 77008",,101003975363,27
"6607 CINDY, HOUSTON 77008",,101003975446,24
"1428 W 22ND, HOUSTON 77008",,101003975457,24
"6606 EUREKA, HOUSTON 77008",,101003975496,24
"727 E 24TH, HOUSTON 77008",,101003975507,24
"834 W 24TH, HOUSTON 77008",,101003975511,24
"923 HERKIMER, HOUSTON 77008",,101003975529,24
"1543 ARLINGTON, HOUSTON 77008",,101003975539,24
"5508 B LARKIN, HOUSTON 77007",,101003975561,24
"5802 LARKIN, HOUSTON 77007",,101003975570,24
"1635 HARVARD, HOUSTON 77008",,101003975573,24
"819 PECORE, HOUSTON 77009",,101003975580,24
"817 W 13TH, HOUSTON 77008",,101003975584,24
"601 HIGHLAND, HOUSTON 77009",,101003975592,24
"9012 SPAULDING, HOUSTON 77016",,101003975606,24
"7001 FINCH, HOUSTON 77028",,101003975634,24
"1031 E 16TH, HOUSTON 77009",,101003975643,24
"309 WOODLAND, HOUSTON 77009",,101003975660,24
"317 W 21ST, HOUSTON 77008",,101003975675,24
"1733 A W 22ND, HOUSTON 77008",,101003975679,24
"1603 BEALL, HOUSTON 77008",,101003975681,24
"1136 DUNBAR, HOUSTON 77009",,101003975683,24
"533 MERRILL, HOUSTON 77009",,101003975684,24
"1106 PRINCE, HOUSTON 77008",,101003975705,24
"6300 SANDRA, HOUSTON 77028",,101003975723,24
"946 BYRNE, HOUSTON 77009",,101003975726,24
"4704 MICHAUX, HOUSTON 77009",,101003975730,24
"822 W 14TH, HOUSTON 77008",,101003975736,24
"7054 PEYTON, HOUSTON 77028",,101003975754,24
"5717 DARLING, HOUSTON 77007",,101003975758,24
3417 HOUSTON 77009,,101003975764,24
"8111 GLENCREST, HOUSTON 77061",,101003975790,24
"6504 WILEYVALE, HOUSTON 77028",,101003975795,24
"1815 STUDEWOOD, HOUSTON 77008",,101003975808,24
"1132 W GARDNER, HOUSTON 77009",,101003975809,24
"637 CORTLANDT, HOUSTON 77007",,101003975814,24
"1324 DOROTHY, HOUSTON 77008",,101003975846,24
"2012 SHELDON, HOUSTON 77008",,101003975850,24
"5923 KIAM, HOUSTON 77007",,101003975861,24
"622 EUCLID, HOUSTON 77009",,101003975892,24
"619 E 14TH, HOUSTON 77008",,101003975895,24
"2603 W T C JESTER, HOUSTON 77008",,101003975904,24
"731 ALLSTON, HOUSTON 77007",,101003975910,24
"2009 GOSTICK, HOUSTON 77008",,101003975914,24
"728 ALLSTON, HOUSTON 77007",,101003975933,24
"913 TULANE, HOUSTON 77008",,101003975956,24
"415 W 9TH, HOUSTON 77007",,101003975965,24
"1403 STONECREST, HOUSTON 77018",,101003975966,24
"923 HARVARD, HOUSTON 77008",,101003975987,24
"5939 E KIAM, HOUSTON 77007",,101003975991,24
"116 NORTH, HOUSTON 77009",,101003975992,24
"1125 CORTLANDT, HOUSTON 77008",,101003975997,24
"730 BAYLAND, HOUSTON 77009",NE,101003976031,105
"826 SHELTERWOOD, HOUSTON 77008",NE,101003976033,105
"6711 WINFIELD, HOUSTON 77050",NE,101003976064,103
"835 ASHLAND, HOUSTON 77007",NE,101003976098,105
"1827 SEAMIST, HOUSTON 77008",NE,101003976122,105
"2305 ASHLAND, HOUSTON 77008",NE,101003976144,105
"2501 NICHOLSON, HOUSTON 77008",NE,101003976170,105
"814 CORTLANDT, HOUSTON 77007",NE,101003976211,105
"1315 34TH, HOUSTON 77022",,101003976221,24
"718 RUTLAND, HOUSTON 77007",,101003976234,24
"8605 LAVENDER, HOUSTON 77016",,101003976281,24
"7007 CAROTHERS, HOUSTON 77028",,101003976288,24
"724 8TH 1/2, HOUSTON 77007",,101003976306,24
"526 W 26TH, HOUSTON 77008",,101003976392,24
"947 USENER, HOUSTON 77009",,101003976491,24
"1415 WOODCREST, HOUSTON 77018",,101003976509,24
"6102 ANTHA, HOUSTON 77016",,101003976528,24
"7216 WILEYVALE, HOUSTON 77016",,101003976531,24
"3712 JULIAN, HOUSTON 77009",,101003976565,24
"206 E 26TH, HOUSTON 77008",,101003976604,24
"1330 OVERHILL, HOUSTON 77018",,101003976623,24
"1019 FUGATE, HOUSTON 77009",,101003976634,24
"313 BYRNE, HOUSTON 77009",,101003976674,24
"1046 FISHER, HOUSTON 77018",,101003976693,24
"302 BLUEBERRY, HOUSTON 77018",,101003976703,24
"922 BETHLEHEM, HOUSTON 77018",,101003976705,24
"1320 DOROTHY, HOUSTON 77008",,101003976720,24
"6263 STANLEY PARK, HOUSTON 77008",,101003976800,23
"879 W 41ST, HOUSTON 77018",NE,101003976853,104
"2003 LIBBEY, HOUSTON 77018",NE,101003976859,104
"7011 BRIM, HOUSTON 77028",NE,101003976860,104
"1154 KINLEY, HOUSTON 77018",,101003976862,23
"213 W 44TH, HOUSTON 77018",,101003976884,23
"3708 REAGAN, HOUSTON 77009",,101003976917,23
"3823 BRINKMAN, HOUSTON 77018",,101003976939,23
"1718 CANDLELIGHT, HOUSTON 77018",,101003976942,23
"1746 DU BARRY, HOUSTON 77018",,101003976959,23
"4610 BATON ROUGE, HOUSTON 77028",,101003976982,23
"1223 CHAMBOARD, HOUSTON 77018",,101003977073,23
"1326 CHAMBOARD, HOUSTON 77018",,101003977077,23
"1242 W 31ST, HOUSTON 77018",,101003977105,23
"910 JUDIWAY, HOUSTON 77018",,101003977120,23
"404 A FENN, HOUSTON 77018",,101003977184,23
"818 SARA ROSE, HOUSTON 77018",,101003977205,23
"1550 GARDENIA, HOUSTON 77018",,101003977215,23
"603 CORDELL, HOUSTON 77009",,101003977264,23
"2322 CRESLINE, HOUSTON 77093",,101003977305,23
"238 HYTA, HOUSTON 77018",,101003977321,23
"1219 CHAMBOARD, HOUSTON 77018",,101003977358,23
"10448 E HARDY, HOUSTON 77093",,101003977394,23
"804 FISHER, HOUSTON 77018",,101003977448,23
"5846 LARKIN, HOUSTON 77007",,101003977524,23
"435 JANISCH, HOUSTON 77018",NE,101003977609,64
"830 LYNGROVE, HOUSTON 77038",NE,101003977853,103
"907 C OAK, HOUSTON 77018",NE,101003977971,104
"8506 CAYTON, HOUSTON 77061",,101003978025,23
"7807 HOFFMAN, HOUSTON 77016",,101003978061,23
"8607 WHITECASTLE, HOUSTON 77088",,101003978139,23
"1403 DEWALT, HOUSTON 77088",,101003978148,23
"1802 SADDLE ROCK, HOUSTON 77088",,101003978219,22
"9408 TOWER, HOUSTON 77088",,101003978226,22
"1019 W T C JESTER, HOUSTON 77008",,101003978234,22
"6433 STUEBNER AIRLINE, HOUSTON 77091",,101003978297,22
"967 JUNELL, HOUSTON 77088",,101003978382,22
"922 MOSHER, HOUSTON 77088",,101003978408,22
"131 BIZERTE, HOUSTON 77022",,101003978447,22
"8823 CREEPING VINE, HOUSTON 77088",,101003978462,22
"1803 BEAVER BEND, HOUSTON 77088",,101003978464,22
"1104 DEWALT, HOUSTON 77088",,101003978497,22
"912 MARJORIE, HOUSTON 77088",,101003978503,22
"7803 SHOTWELL, HOUSTON 77016",,101003978504,22
"3110 ISABELLA, HOUSTON 77004",,101003978535,22
"1506 SADDLE ROCK, HOUSTON 77088",,101003978550,22
"769 PICKERING, HOUSTON 77091",,101003978552,22
"2215 DEWALT, HOUSTON 77088",,101003978565,22
"9509 IRBY, HOUSTON 77088",,101003978568,22
"238 ISHMEAL, HOUSTON 77076",,101003978601,22
"6612 W MONTGOMERY, HOUSTON 77091",,101003978637,22
Intersection 9300 BUNNY RUN DR&1020 MOSHER LN,,101003978643,22
"2523 RUTLAND, HOUSTON 77008",,101003978793,22
"7815 VIRGIL, HOUSTON 77088",,101003978951,22
"1702 HIDDEN VALLEY, HOUSTON 77088",,101003979005,22
"1049 MARJORIE, HOUSTON 77088",,101003979172,22
"1095 JUNELL, HOUSTON 77088",,101003979242,22
"3801 BRINKMAN, HOUSTON 77018",,101003979268,22
"1099 JUNELL, HOUSTON 77088",,101003979389,22
"902 W NELDA, HOUSTON 77088",,101003979576,22
"615 W PARKER, HOUSTON 77091",,101003979669,22
"9321 WILLOW, HOUSTON 77088",,101003979749,22
"358 SPELL, HOUSTON 77022",,101003979751,22
"7518 MAXROY, HOUSTON 77088",,101003980058,22
"1305 ELLINGTON, HOUSTON 77088",,101003980229,22
"5039 MADALYN, HOUSTON 77021",,101003980277,22
"9206 SANDLE, HOUSTON 77088",,101003980326,22
"435 W SUNNYSIDE, HOUSTON 77091",,101003980645,21
"1006 DOLLY WRIGHT, HOUSTON 77088",,101003980680,21
"201 FICHTER, HOUSTON 77022",,101003980861,21
"2601 RUTLAND, HOUSTON 77008",,101003980902,21
"5824 SAM HOUSTON, HOUSTON 77016",,101003980924,21
"106 COACH LAMP, HOUSTON 77060",,101003980963,21
"3316 BLODGETT, HOUSTON 77004",,101003981152,21
"2108 BERRY, HOUSTON 77004",,101003981231,21
"3812 ANITA, HOUSTON 77004",,101003981273,21
"11206 SAGINAW, HOUSTON 77076",,101003981303,21
"8306 HELMERS, HOUSTON 77022",,101003981372,21
"10913 STABLER, HOUSTON 77076",,101003981450,21
"95 COOPER, HOUSTON 77076",,101003981682,21
"7803 GRAHAMCREST, HOUSTON 77061",,101003981689,21
"10235 DONALD, HOUSTON 77076",,101003981814,21
"11 LUETTA, HOUSTON 77076",,101003981940,21
"2101 TRUXILLO, HOUSTON TX 77004",,101003982001,21
"623 APACHE, HOUSTON TX 77022",,101003982215,20
"9211 FULTON, HOUSTON TX 77022",,101003982239,20
"201 PARKER, HOUSTON TX 77076",,101003982332,20
"1109 TURNER, HOUSTON TX 77076",,101003982333,20
"314 COACH LAMP, HOUSTON TX 77060",,101003982684,20
"271 GLAZEBROOK, HOUSTON TX 77060",,101003982728,20
"14923 MERRITT, HOUSTON TX 77060",,101003982791,20
"7014 DILLON, HOUSTON TX 77061",,101003982848,20
"5806 RIDGEWAY, HOUSTON TX 77033",,101003983087,20
"6614 RICHWOOD, HOUSTON TX 77087",,101003983122,20
"8843 RUTHERFORD, HOUSTON TX 77088",,101003983129,20
"7711 ALFANO, HOUSTON TX 77037",,101003983159,20
"1338 SADDLE ROCK, HOUSTON TX 77088",,101003983297,20
"3415 STANFORD, HOUSTON TX 77006",,101003983380,17
"908 FIRNAT, HOUSTON TX 77022",,101003983553,17
"255 LA FONDA, HOUSTON TX 77060",,101003983692,17
"1144 NORHAM, HOUSTON TX 77022",,101003983779,17
"2410 BENNINGTON, HOUSTON TX 77093",,101003983820,17
"5618 LUNA, HOUSTON TX 77076",,101003983983,17
"9302 EXETER, HOUSTON TX 77093",,101003984173,17
"174 GLAZEBROOK, HOUSTON TX 77060",,101003984186,17
"126 W RITTENHOUSE, HOUSTON TX 77076",,101003984360,17
"15323 MERRITT, HOUSTON TX 77060",,101003984407,17
"6701 LOZIER, HOUSTON TX 77021",,101003984623,17
"1322 SADDLE ROCK, HOUSTON TX 77088",,101003985051,16
"914 BECKMAN, HOUSTON TX 77076",,101003985209,16
"701 MAYFORD, HOUSTON TX 77076",,101003985269,16
"15022 CHIPMAN, HOUSTON TX 77060",,101003985505,16
"210 GOODSON, HOUSTON TX 77060",,101003985657,16
"9206 VOGUE, HOUSTON TX 77080",,101003995810,16
"231 BUCKBOARD, HOUSTON TX 77060",,101003996151,15
"5922 SOUTHCREST, HOUSTON TX 77033",,101003996323,15
"15103 OLD CREEK, HOUSTON TX 77060",,101003996439,15
"15422 IMPERIAL VALLEY, HOUSTON TX 77060",,101003996544,15
"15426 IMPERIAL VALLEY, HOUSTON TX 77060",,101003996559,15
"1342 SADDLE ROCK, HOUSTON TX 77088",,101003996805,15
"206 COUNTY FAIR, HOUSTON TX 77060",,101003996813,15
"8135 REDFERN, HOUSTON TX 77033",,101003996830,15
"279 SAN FERNANDO, HOUSTON TX 77060",,101003996867,15
"15218 MERRITT, HOUSTON TX 77060",,101003997006,15
"3449 NOAH, HOUSTON TX 77021",,101003997164,15
"288 ELDON, HOUSTON TX 77060",,101003997261,15
"14802 WEIL, HOUSTON TX 77060",,101003997296,15
"6810 LUNA, HOUSTON TX 77076",,101003997343,15
"222 SAN FERNANDO, HOUSTON TX 77060",,101003997472,15
"1718 W 24TH, HOUSTON TX 77008",,101003997556,15
"7326 MOUNTBATTEN, HOUSTON TX 77033",,101003997768,15
"611 W POLK, HOUSTON TX 77019",,101003997836,15
"824 GRANVILLE, HOUSTON TX 77091",,101004008538,14
"2755 FOLIAGE GREEN, HOUSTON TX 77339",,101004008718,14
"6030 LUCE, HOUSTON TX 77087",,101004008927,14
"4843 ARVILLA, HOUSTON TX 77021",,101004008949,14
"5842 SOUTHFORD, HOUSTON TX 77033",,101004009104,14
"8418 SONNEVILLE, HOUSTON TX 77055",,101004009230,14
"6618 FLAMINGO, HOUSTON TX 77087",,101004009359,14
"2403 CUMBERLAND, HOUSTON TX 77023",,101004009578,14
"3513 GOODHOPE, HOUSTON TX 77021",,101004009613,14
"1201 ROBIN, HOUSTON TX 77019",,101004009791,13
"5619 OVERDALE, HOUSTON TX 77033",,101004009862,13
"6111 GOFORTH, HOUSTON TX 77021",,101004010359,13
"6207 CULBERSON, HOUSTON TX 77021",,101004010392,13
"1314 RIM ROCK, HOUSTON TX 77088",,101004010471,13
"438 VAN MOLAN, HOUSTON TX 77022",,101004010677,13
"7627 GREENDOWNS, HOUSTON TX 77087",,101004011099,13
"3404 EASY, HOUSTON TX 77026",NE,101004027706,102
"7820 WILEYVALE, HOUSTON TX 77016",NE,101004028229,102
"1518 WEBER, HOUSTON TX 77007",NE,101004028360,102
"3923 HIDDEN GLEN, HOUSTON TX 77339",NE,101004029609,99
"2318 KANE, HOUSTON TX 77007",NE,101004030471,99
"1601 WALNUT, HOUSTON TX 77339",NE,101004030756,98
"3615 MANITOU, HOUSTON TX 77013",NE,101004031222,98
"7613 APPLETON, HOUSTON TX 77022",NE,101004034421,97
"3229 HAGE, HOUSTON TX 77093",NE,101004054750,89
"3401 ROBERTSON, HOUSTON TX 77009",NE,101004055267,88
"4212 OATS, HOUSTON TX 77020",NE,101004055542,88
"1448 A NASHUA, HOUSTON TX 77008",NE,101004115697,67
"606 TEETSHORN, HOUSTON TX 77009",NE,101004117761,63
"2606 WILLOWBY, HOUSTON TX 77008",NE,101004118293,63
"913 W 16TH, HOUSTON TX 77008",NE,101004120152,62
"1480 HARRIS, HOUSTON TX 77020",NE,101004121637,61
"627 8TH 1/2, HOUSTON TX 77007",NE,101004123180,61
"11107 HUNKLER, HOUSTON TX 77047",SE,101004123332,61
"3253 FRANCIS, HOUSTON TX 77004",SE,101004124690,60
"2308 B NANTUCKET, HOUSTON TX 77057",NE,101004125539,57
"1051 W 42ND, HOUSTON TX 77018",NE,101004125914,57
"12918 HANSEL, HOUSTON TX 77024",NE,101004126204,57
"5015 BRICKER, HOUSTON TX 77033",SE,101004126574,57
"2223 LAZYBROOK, HOUSTON TX 77008",NE,101004127605,56
"319 ELECTRA, HOUSTON TX 77024",NE,101004127616,56
"2209 B NANTUCKET, HOUSTON TX 77057",NE,101004128519,55
"1403 ANSBURY, HOUSTON TX 77018",NE,101004129861,55
"11603 INWOOD, HOUSTON TX 77077",NE,101004130048,55
"5915 SAXON, HOUSTON TX 77092",NE,101004130199,55
"5650 CEDARBURG, HOUSTON TX 77048",SE,101004130964,55
"300 WILD PLUM, HOUSTON TX 77013",NE,101004147410,41
"10210 SIERRA, HOUSTON TX 77051",SE,101004148220,41
"5610 GROVETON, HOUSTON TX 77033",SE,101004149272,40
"5522 RUE, HOUSTON TX 77033",SE,101004149631,40
"5867 THRUSH, HOUSTON TX 77033",SE,101004150644,40
"5622 GROVETON, HOUSTON TX 77033",SE,101004150665,40
"4605 LARKSPUR, HOUSTON TX 77051",SE,101004161926,39
"523 KRESS, HOUSTON TX 77020",NE,101004162058,39
"5301 A NETT, HOUSTON TX 77007",NE,101004173782,36
"1603 TANNEHILL, HOUSTON TX 77008",NE,101004174202,35
"3106 BLOOMFIELD, HOUSTON TX 77051",SE,101004177633,34
"1007 AUBERT, HOUSTON TX 77017",SE,101004177709,34
"8150 GLENVIEW, HOUSTON TX 77017",SE,101004178303,34
"8303 LANHAM, HOUSTON TX 77075",SE,101004178908,33
"12806 SOUTHSPRING, HOUSTON TX 77047",SE,101004180613,32
"6810 KASSARINE, HOUSTON TX 77033",SE,101004180689,32
"8416 BERTWOOD, HOUSTON TX 77016",NE,101004181089,32
"7423 FINCH, HOUSTON TX 77028",NE,101004181103,32
"10407 SAGETREE, HOUSTON TX 77089",SE,101004184675,27
"8415 PARNELL, HOUSTON TX 77051",SE,101004187726,26
"4311 CORNELL, HOUSTON TX 77022",NE,101004188808,25
"12000 SANDROCK, HOUSTON TX 77048",SE,101004189348,25
"4402 ANTHA, HOUSTON TX 77093",NE,101004191853,21
"1103 BROOKS, HOUSTON TX 77009",NE,101004191913,21
"7625 GLEASON, HOUSTON TX 77016",NE,101004192199,21
"1103 E 25TH, HOUSTON TX 77009",NE,101004207336,8
"11242 REBEL, HOUSTON TX 77016",NE,101004207429,8
"1618 EDMUNDSON, HOUSTON TX 77003",SE,101004207495,8
"7319 ORLANDO, HOUSTON TX 77016",NE,101004207654,8
"3507 KIMBALL, HOUSTON TX 77026",NE,101004207717,8
"3504 ADELIA, HOUSTON TX 77026",NE,101004207811,8
"3929 ALMEDA GENOA, HOUSTON TX 77047",SE,101004207878,8
"2215 MCKEE, HOUSTON TX 77009",NE,101004207906,8
"2037 CHARLES, HOUSTON TX 77093",NE,101004208059,8
"6730 STANDING OAKS, HOUSTON TX 77050",NE,101004208083,8
"7802 POINTER, HOUSTON TX 77016",NE,101004208257,8
"6327 HARTWICK, HOUSTON TX 77016",NE,101004208350,8
"10333 KELBURN, HOUSTON TX 77016",NE,101004208365,8
"7934 PARDEE, HOUSTON TX 77028",NE,101004208530,8
"14918 SWEETGUM, HOUSTON TX 77396",NE,101004208547,8
"2407 LEE, HOUSTON TX 77026",NE,101004208558,8
"2123 WELLINGTON, HOUSTON TX 77093",NE,101004208627,8
"6507 LAURA KOPPE, HOUSTON TX 77016",NE,101004208677,8
"1265 MORRIS, HOUSTON TX 77009",NE,101004218740,7
"6222 ROUGHLOCK, HOUSTON TX 77016",NE,101004218765,7
"11011 TAMWORTH, HOUSTON TX 77016",NE,101004218802,7
"7638 NAVASOTA, HOUSTON TX 77016",NE,101004218895,7
"8025 DARLINGTON, HOUSTON TX 77028",NE,101004218988,7
"11230 VAILVIEW, HOUSTON TX 77016",NE,101004219045,7
"7207 LAKEWOOD, HOUSTON TX 77016",NE,101004219090,7
"7716 BRETSHIRE, HOUSTON TX 77016",NE,101004219134,7
"1707 HEANEY, HOUSTON TX 77093",NE,101004219147,7
"10206 CAXTON, HOUSTON TX 77016",NE,101004219162,7
"413 ELM LAKE, HOUSTON TX 77336",NE,101004219206,7
"9914 VALLEY PARK, HOUSTON TX 77078",NE,101004219423,7
"9233 FRIENDLY, HOUSTON TX 77093",NE,101004219482,7
"6118 MOSS OAKS, HOUSTON TX 77050",NE,101004219591,7
Intersection 0 NORTH FWY&400 W RITTENHOUSE ST,NE,101004219638,7
"4110 WOOLWORTH, HOUSTON TX 77026",NE,101004219685,7
"12302 GLENN RIVER, HOUSTON TX 77050",NE,101004219793,7
"12334 BLUE RIVER, HOUSTON TX 77050",NE,101004219825,7
"2419 PINE CONE, HOUSTON TX 77339",NE,101004219884,7
"3922 MAPLE HEIGHTS, HOUSTON TX 77339",NE,101004219925,7
"4307 HOWCHER, HOUSTON TX 77047",SE,101004219975,7
"8107 HIRSCH, HOUSTON TX 77016",NE,101004220116,7
"917 E 38TH, HOUSTON TX 77022",NE,101004220166,7
"110 FRAWLEY, HOUSTON TX 77009",NE,101004220281,6
"11150 SPOTTSWOOD, HOUSTON TX 77016",NE,101004220291,6
"2303 PRIEST, HOUSTON TX 77093",NE,101004220326,6
"9912 BURDEN, HOUSTON TX 77093",NE,101004220330,6
"3931 LYNNFIELD, HOUSTON TX 77016",NE,101004220379,6
"6217 WIPPRECHT, HOUSTON TX 77026",NE,101004220572,6
"6305 NORLAND, HOUSTON TX 77022",NE,101004220685,6
"6642 WANITA, HOUSTON TX 77007",NE,101004220747,6
"7315 APPLETON, HOUSTON TX 77022",NE,101004220787,6
"431 LINDALE, HOUSTON TX 77022",NE,101004220921,6
"3032 BERRY, HOUSTON TX 77093",NE,101004221061,6
"422 LINDALE, HOUSTON TX 77022",NE,101004221062,6
"1405 SYDNOR, HOUSTON TX 77020",NE,101004221144,6
"1218 JOHNSTON, HOUSTON TX 77022",NE,101004221145,6
"4006 MAPLE HEIGHTS, HOUSTON TX 77339",NE,101004221441,6
"2311 LANGLEY, HOUSTON TX 77093",NE,101004221494,6
"10419 HOLLYGLEN, HOUSTON TX 77016",NE,101004221567,6
"2125 VANCE, HOUSTON TX 77093",NE,101004221574,6
"110 NEYLAND, HOUSTON TX 77022",NE,101004221593,6
"2109 E CROSSTIMBERS, HOUSTON TX 77093",NE,101004221969,6
"4317 ALLEN, HOUSTON TX 77007",NE,101004221987,6
"3117 AIRPORT, HOUSTON TX 77051",SE,101004222042,6
"1523 CHARLES, HOUSTON TX 77093",NE,101004222095,6
"1102 BINGHAM, HOUSTON TX 77007",NE,101004222117,6
"8024 PEACHTREE, HOUSTON TX 77016",NE,101004222214,6
"6917 APPLETON, HOUSTON TX 77022",NE,101004222219,6
"3810 KINKAID, HOUSTON TX 77093",NE,101004222417,6
"3807 COLLINGSWORTH, HOUSTON TX 77026",NE,101004222461,6
"10306 LERA, HOUSTON TX 77016",NE,101004222470,6
"5520 MINDEN, HOUSTON TX 77026",NE,101004222476,6
"7203 VALMONT, HOUSTON TX 77016",NE,101004222550,6
"4826 LINCOLNSHIRE, HOUSTON TX 77048",SE,101004222552,6
"405 SCHWARTZ, HOUSTON TX 77020",NE,101004223034,5
"2542 PRIEST, HOUSTON TX 77093",NE,101004223205,5
"1819 SADLER, HOUSTON TX 77093",NE,101004223406,5
"536 YORKSHIRE, HOUSTON TX 77022",NE,101004223440,5
"28414 CALAVERAS CREEK, HOUSTON TX 77336",NE,101004223499,5
"1002 E CROSSTIMBERS, HOUSTON TX 77022",NE,101004223505,5
"7624 MELROSE, HOUSTON TX 77022",NE,101004223513,5
"3625 DARDEN, HOUSTON TX 77093",NE,101004223632,5
"10905 BENTLEY, HOUSTON TX 77093",NE,101004223885,5
"817 COLORADO, HOUSTON TX 77007",NE,101004223893,5
"274 HARDWICKE, HOUSTON TX 77060",NE,101004224051,5
"818 TASSELL, HOUSTON TX 77076",NE,101004224079,5
"2330 SCHILDER, HOUSTON TX 77022",NE,101004224231,5
"3011 MELBOURNE, HOUSTON TX 77026",NE,101004224351,5
"414 RED RIPPLE, HOUSTON TX 77091",NE,101004224393,5
"14926 SUN HARBOR, HOUSTON TX 77062",SE,101004224399,5
"201 W 44TH, HOUSTON TX 77018",NE,101004224418,5
"10914 SAGEBERRY, HOUSTON TX 77089",SE,101004224731,4
"186 GLAZEBROOK, HOUSTON TX 77060",NE,101004224763,4
"342 COACH LAMP, HOUSTON TX 77060",NE,101004224773,4
"6042 LANCASTER, HOUSTON TX 77087",SE,101004224779,4
"3017 HOHL, HOUSTON TX 77093",NE,101004224845,4
"5742 CORL, HOUSTON TX 77087",SE,101004224905,4
"1110 W GARDNER, HOUSTON TX 77009",NE,101004225140,4
"144 PARKER, HOUSTON TX 77076",NE,101004225154,4
"1823 DROXFORD, HOUSTON TX 77008",NE,101004225320,4
"4515 PARDEE, HOUSTON TX 77026",NE,101004225343,4
"5814 MOHAWK, HOUSTON TX 77016",NE,101004225347,4
"2409 KEELAND, HOUSTON TX 77093",NE,101004225431,4
"10326 LERA, HOUSTON TX 77016",NE,101004225623,4
"6653 NORTHDALE, HOUSTON TX 77087",SE,101004225711,4
"3914 PARKER, HOUSTON TX 77093",NE,101004225763,4
"617 E RITTENHOUSE, HOUSTON TX 77076",NE,101004225801,4
"1101 TULANE, HOUSTON TX 77008",NE,101004225861,4
"4313 WILEY, HOUSTON TX 77093",NE,101004225868,4
"1118 B DOROTHY, HOUSTON TX 77008",NE,101004225965,4
"11007 SAGEBERRY, HOUSTON TX 77089",SE,101004226001,4
"4119 HARDY, HOUSTON TX 77009",NE,101004226039,4
"1127 SHIRKMERE, HOUSTON TX 77008",NE,101004226052,4
"629 COLUMBIA, HOUSTON TX 77007",NE,101004226073,4
"1419 AIRLINE, HOUSTON TX 77009",NE,101004226178,1
"605 E 21ST, HOUSTON TX 77008",NE,101004226201,1
"3319 CAPLIN, HOUSTON TX 77026",NE,101004226514,1
"3217 KING, HOUSTON TX 77026",NE,101004226605,1
"10748 ROYAL PINE, HOUSTON TX 77093",NE,101004226658,1
"7726 MELROSE, HOUSTON TX 77022",NE,101004226683,1
"3615 WEAVER, HOUSTON TX 77093",NE,101004226704,1
"3515 OAK RIDGE, HOUSTON TX 77009",NE,101004226723,1
"10507 SOUTHPORT, HOUSTON TX 77089",SE,101004226745,1
"1831 SEASPRAY, HOUSTON TX 77008",NE,101004226754,1
"518 HEIDRICH, HOUSTON TX 77018",NE,101004226801,1
"3117 MARZELLE, HOUSTON TX 77093",NE,101004226868,1
"1112 APACHE, HOUSTON TX 77022",NE,101004226922,1
"1726 KNIGHTWICK, HOUSTON TX 77008",NE,101004226970,1
"2224 COLUMBIA, HOUSTON TX 77008",NE,101004227011,1
"812 JACKSON HILL, HOUSTON TX 77007",NE,101004227053,1
"2515 LAZYBROOK, HOUSTON TX 77008",NE,101004227076,1
"5126 KELSO, HOUSTON TX 77021",SE,101004227118,1
"723 E 11TH 1/2, HOUSTON TX 77008",NE,101004227157,1
"603 E JANISCH, HOUSTON TX 77022",NE,101004227305,1
"517 W VIRGINIA, HOUSTON TX 77076",NE,101004227397,1
"1044 SOUTH, HOUSTON TX 77088",NE,101004227400,1
"5103 COSBY, HOUSTON TX 77021",SE,101004227403,1
"3006 KING, HOUSTON TX 77026",NE,101004227407,1
"506 POST, HOUSTON TX 77022",NE,101004227415,1
"8010 BONITA, HOUSTON TX 77016",NE,101004227477,1
"1421 S VICTORY, HOUSTON TX 77088",NE,101004227702,0
"3902 COLLEY, HOUSTON TX 77093",NE,101004227778,0
"310 SPRUCELAKE, HOUSTON TX 77336",NE,101004227816,0
"1084 JUNELL, HOUSTON TX 77088",NE,101004227833,0
"4115 WEAVER, HOUSTON TX 77016",NE,101004227897,0
"15422 IMPERIAL VALLEY, HOUSTON TX 77060",NE,101004227960,0
"2525 YUPON, HOUSTON TX 77006",NE,101004228105,0
"5826 VENA, HOUSTON TX 77087",SE,101004228146,0
"705 W 38TH, HOUSTON TX 77018",NE,101004228185,0
"11218 DALEBROOK, HOUSTON TX 77016",NE,101004228212,0
"3127 LEGION, HOUSTON TX 77026",NE,101004228274,0
"1344 ALTHEA, HOUSTON TX 77018",NE,101004228276,0
"5120 NETT, HOUSTON TX 77007",NE,101004228323,0
"2308 PRIEST, HOUSTON TX 77093",NE,101004228412,0
"1303 PEACH SPRING, HOUSTON TX 77088",NE,101004228439,0
"5831 LARKIN, HOUSTON TX 77007",NE,101004228466,0
"6435 WISTER, HOUSTON TX 77008",NE,101004228503,0
"5836 LARKIN, HOUSTON TX 77007",NE,101004228628,0
"3019 GOLFCREST, HOUSTON TX 77087",SE,101004228637,0
"8802 DODSON, HOUSTON TX 77093",NE,101004228653,0
"2030 DE MILO, HOUSTON TX 77018",NE,101004228657,0
"2906 KING, HOUSTON TX 77026",NE,101004228662,0
"3209 KING, HOUSTON TX 77026",NE,101004228663,0
"845 W RITTENHOUSE, HOUSTON TX 77091",NE,101004228699,0
"9518 CHESTERFIELD, HOUSTON TX 77051",SE,101004228709,0
"7804 HELMERS, HOUSTON TX 77022",NE,101004228789,0
"209 W 44TH, HOUSTON TX 77018",NE,101004228848,0
"710 W 38TH, HOUSTON TX 77018",NE,101004228900,0
"3008 BRIARWICK, HOUSTON TX 77093",NE,101004228914,0
"2931 TRENTON, HOUSTON TX 77093",NE,101004228959,0
"9600 DODSON, HOUSTON TX 77093",NE,101004228978,0
"4403 GRASS VALLEY, HOUSTON TX 77018",NE,101004228991,0
"2909 CAPLIN, HOUSTON TX 77026",NE,101004229097,0
"8218 GLENVISTA, HOUSTON TX 77061",SE,101004229133,0
"536 GRANBERRY, HOUSTON TX 77007",NE,101004229247,0
"546 GRANBERRY, HOUSTON TX 77007",NE,101004229248,0
"548 GRANBERRY, HOUSTON TX 77007",NE,101004229249,0
"507 W 31ST, HOUSTON TX 77018",NE,101004229292,0
"1444 YALE, HOUSTON TX 77008",NE,101004229305,0
"1007 MORRIS, HOUSTON TX 77009",NE,101004229310,0
"1239 MORRIS, HOUSTON TX 77009",NE,101004229311,0
"209 FRAWLEY, HOUSTON TX 77009",NE,101004229322,0
"4714 BRIAN HAVEN, HOUSTON TX 77018",NE,101004229414,0
"307 LINDALE, HOUSTON TX 77022",NE,101004229501,0
"10907 LERA, HOUSTON TX 77016",NE,101004229544,0
"8401 SUNBURY, HOUSTON TX 77028",NE,101004229569,0
"1111 BEAVER BEND, HOUSTON TX 77088",NE,101004229641,0
"1107 THORNTON, HOUSTON TX 77018",NE,101004239844,0
"779 ROSIE, HOUSTON TX 77091",NE,101004239935,0
"10040 SHADY, HOUSTON TX 77093",NE,101004239949,0
"7730 JAMES FRANKLIN, HOUSTON TX 77088",NE,101004240080,0
"2919 DURWOOD, HOUSTON TX 77093",NE,101004240124,0
"1608 RIDGEWOOD, HOUSTON TX 77019",NE,101004240187,0
"1241 DU BARRY, HOUSTON TX 77018",NE,101004240203,0
"1201 LINDALE, HOUSTON TX 77022",NE,101004240258,0
"24806 BROAD PINE, HOUSTON TX 77336",NE,101004240599,0
"925 DOLLY WRIGHT, HOUSTON TX 77088",NE,101004240631,0
"146 BIZERTE, HOUSTON TX 77022",NE,101004240677,0
"1019 GROVEWOOD, HOUSTON TX 77008",NE,101004240756,0
"3007 CRICKET, HOUSTON TX 77093",NE,101004240780,0
"13718 SUMMIT RIDGE, HOUSTON TX 77085",SW,101004240856,0
"5142 JERAD, HOUSTON TX 77018",NE,101004240885,0
"8814 DONLEY, HOUSTON TX 77088",NE,101004240917,0
"2902 KIRK, HOUSTON TX 77026",NE,101004240921,0
"10205 W HARDY, HOUSTON TX 77076",NE,101004240954,0
"9210 CAMAY, HOUSTON TX 77016",NE,101004240999,0
"10319 TOLMAN, HOUSTON TX 77034",SE,101004241087,0
"4605 YALE, HOUSTON TX 77018",NE,101004241244,0
"2909 MELBOURNE, HOUSTON TX 77026",NE,101004241247,0
"10120 DONALD, HOUSTON TX 77076",NE,101004241269,0
"10421 WOLBROOK, HOUSTON TX 77016",NE,101004241413,0
"2441 MUNGER, HOUSTON TX 77023",SE,101004241415,0
"2932 TRENTON, HOUSTON TX 77093",NE,101004241441,0
"9218 HEATHERSIDE, HOUSTON TX 77016",NE,101004241496,0
"926 REDONDO, HOUSTON TX 77015",NE,101004241568,0
"1060 CANDLELIGHT, HOUSTON TX 77018",NE,101004241575,0
"3012 BRIARWICK, HOUSTON TX 77093",NE,101004241681,0
"5011 ALBA, HOUSTON TX 77018",NE,101004241709,0
"7812 HELMERS, HOUSTON TX 77022",NE,101004241775,0
"811 E 32ND 1/2, HOUSTON TX 77022",NE,101004241814,0
"7318 BRIEFWAY, HOUSTON TX 77087",SE,101004241820,0
"8926 SPURFLOWER PATH, HOUSTON TX 77075",SE,101004241836,0
"3209 CRESTON, HOUSTON TX 77026",NE,101004241864,0
"10910 SAGEBERRY, HOUSTON TX 77089",SE,101004242022,-1
"8302 MOONBEAM, HOUSTON TX 77088",NE,101004242047,-1
"10226 TOLMAN, HOUSTON TX 77034",SE,101004242077,-1
"11219 DALEBROOK, HOUSTON TX 77016",NE,101004242117,-1
"4917 WENDA, HOUSTON TX 77033",SE,101004242131,-1
"134 BIZERTE, HOUSTON TX 77022",NE,101004242159,-1
Intersection 5800 GUADALUPE ST&11300 MAPLE LEAF ST,NE,101004242203,-1
"1729 AIRLINE, HOUSTON TX 77009",NE,101004242237,-1
"223 W GRENFELL, HOUSTON TX 77076",NE,101004242254,-1
"3829 FOLGER, HOUSTON TX 77093",NE,101004242260,-1
Intersection 2000 STEVENS ST&2600 SUMPTER ST,NE,101004242266,-1
"8602 CURRY, HOUSTON TX 77093",NE,101004242310,-1
"618 EUBANKS, HOUSTON TX 77022",NE,101004242318,-1
"3027 TRENTON, HOUSTON TX 77093",NE,101004242340,-1
"2621 RIVER OAK, HOUSTON TX 77345",NE,101004242360,-1
"427 PECORE, HOUSTON TX 77009",NE,101004242370,-1
"234 ROYDER, HOUSTON TX 77009",NE,101004242407,-1
"8822 DONLEY, HOUSTON TX 77088",NE,101004242430,-1
"10728 ROYAL PINE, HOUSTON TX 77093",NE,101004242471,-1
"3027 CHARTER OAKS, HOUSTON TX 77093",NE,101004242508,-1
"10723 ROYAL PINE, HOUSTON TX 77093",NE,101004242526,-1
"10213 MALCOLM, HOUSTON TX 77076",NE,101004242539,-1
"814 COLONY, HOUSTON TX 77076",NE,101004242566,-1
"6043 LANCASTER, HOUSTON TX 77087",SE,101004242608,-1
"5018 PARK PLAZA, HOUSTON TX 77018",NE,101004242690,-1
"138 VICTORIA, HOUSTON TX 77022",NE,101004242778,-1
"7911 CAROLWOOD, HOUSTON TX 77028",NE,101004242848,-1
"9649 KENTFIELD, HOUSTON TX 77093",NE,101004242862,-1
"8710 DE PRIEST, HOUSTON TX 77088",NE,101004242938,-1
"9446 GULF BRIDGE, HOUSTON TX 77075",SE,101004243130,-1
"9450 GULF BRIDGE, HOUSTON TX 77075",SE,101004243132,-1
"317 W PIERCE, HOUSTON TX 77019",NE,101004243150,-1
"3214 ORANGE, HOUSTON TX 77020",NE,101004243158,-1
"3713 FOLGER, HOUSTON TX 77093",NE,101004243171,-1
"3923 KILKENNY, HOUSTON TX 77047",SE,101004243207,-1
"1415 WINTER, HOUSTON TX 77007",NE,101004243219,-1
"2411 NOTTINGHAM, HOUSTON TX 77005",SW,101004243247,-1
"7893 BROADVIEW, HOUSTON TX 77061",SE,101004243441,-2
"3411 ELYSIAN, HOUSTON TX 77009",NE,101004243458,-2
"3016 FLEETWOOD, HOUSTON TX 77093",NE,101004243470,-2
"10935 SHADOW WOOD, HOUSTON TX 77043",NE,101004243471,-2
"5615 VISION, HOUSTON TX 77048",SE,101004243510,-2
"9205 SANDLE, HOUSTON TX 77088",NE,101004243519,-2
"622 ELLENA, HOUSTON TX 77076",NE,101004243595,-2
"970 LEHMAN, HOUSTON TX 77018",NE,101004243634,-2
"8702 GLENHOUSE, HOUSTON TX 77088",NE,101004243664,-2
"6119 MORROW, HOUSTON TX 77091",NE,101004243666,-2
"1634 WILDE ROCK, HOUSTON TX 77018",NE,101004243767,-2
"10740 ROYAL PINE, HOUSTON TX 77093",NE,101004243772,-2
"8618 CURRY, HOUSTON TX 77093",NE,101004243801,-2
"3912 LILA, HOUSTON TX 77026",NE,101004243818,-2
"3709 TROUT, HOUSTON TX 77093",NE,101004243885,-2
"5209 JEZEBEL, HOUSTON TX 77033",SE,101004243934,-2
"617 EUBANKS, HOUSTON TX 77022",NE,101004244085,-2
"9010 WHEATLEY, HOUSTON TX 77088",NE,101004244093,-2
"629 EUBANKS, HOUSTON TX 77022",NE,101004244100,-2
"10123 DONALD, HOUSTON TX 77076",NE,101004244142,-2
"8410 CANNON, HOUSTON TX 77051",SE,101004244292,-2
"800 DOROTHY, HOUSTON TX 77007",NE,101004244359,-2
"5119 WINDEMERE, HOUSTON TX 77033",SE,101004244367,-2
"4367 HARVEST, HOUSTON TX 77004",SE,101004244825,-5
"618 EMBRY, HOUSTON TX 77009",NE,101004244904,-5
"6605 BLUEJAY, HOUSTON TX 77048",SE,101004244993,-5
"4014 MAPLE HEIGHTS, HOUSTON TX 77339",NE,101004245583,-5
"8202 GLADSTONE, HOUSTON TX 77051",SE,101004245643,-5
"523 REID, HOUSTON TX 77022",NE,101004245731,-5
"8402 DETROIT, HOUSTON TX 77017",SE,101004245767,-5
"11114 HUNKLER, HOUSTON TX 77047",SE,101004245773,-5
"11106 HUNKLER, HOUSTON TX 77047",SE,101004245776,-5
"11102 SAFEGUARD, HOUSTON TX 77047",SE,101004245780,-5
"10405 BALLANTINE, HOUSTON TX 77075",SE,101004245892,-5
"8503 BLUEBIRD, HOUSTON TX 77028",NE,101004245894,-5
"3107 C ST CHARLES, HOUSTON TX 77004",SE,101004246146,-6
"8806 SPURFLOWER PATH, HOUSTON TX 77075",SE,101004246263,-6
"12806 HUNTINGTON VENTURE, HOUSTON TX 77099",SW,101004246290,-6
"5310 RIDGEVAN, HOUSTON TX 77053",SW,101004246298,-6
"4907 CANDLEGLOW, HOUSTON TX 77018",NE,101004246690,-6
"6650 HIRONDEL, HOUSTON TX 77087",SE,101004246857,-6
"3216 ABERNATHY, HOUSTON TX 77026",NE,101004246869,-6
"12906 MANDRAKE, HOUSTON TX 77085",SW,101004247020,-6
"3709 FOLGER, HOUSTON TX 77093",NE,101004247092,-6
"8123 SANDHURST, HOUSTON TX 77033",SE,101004247178,-6
"4020 KNOXVILLE, HOUSTON TX 77051",SE,101004247252,-6
"911 MCLEARY, HOUSTON TX 77020",NE,101004247390,-7
"5003 PRAIRIE RIDGE, HOUSTON TX 77053",SW,101004247431,-7
"8518 HOMEWOOD, HOUSTON TX 77028",NE,101004247495,-7
"4419 GROTON, HOUSTON TX 77047",SE,101004247501,-7
"3906 CURLY OAKS, HOUSTON TX 77053",SW,101004247520,-7
"8702 KAELING MEADOW, HOUSTON TX 77075",SE,101004247692,-7
"3221 ELMRIDGE, HOUSTON TX 77025",SW,101004247732,-7
"5003 PRAIRIE RIDGE, HOUSTON TX 77053",SW,101004247735,-7
"8810 KAELING MEADOW, HOUSTON TX 77075",SE,101004247754,-7
"4503 SUNFLOWER, HOUSTON TX 77051",SE,101004247808,-7
"3731 SWINGLE, HOUSTON TX 77047",SE,101004247893,-7
"3507 STONHAM, HOUSTON TX 77047",SE,101004247928,-7
"13307 MCDOYLE, HOUSTON TX 77048",SE,101004247951,-7
"12213 CITY SKYLINE, HOUSTON TX 77047",SW,101004247998,-7
"5735 CAPELLO, HOUSTON TX 77035",SW,101004248066,-7
"3923 MADDEN, HOUSTON TX 77047",SE,101004248124,-7
"3011 S BRAESWOOD, HOUSTON TX 77025",SW,101004248166,-7
"5330 KENILWOOD, HOUSTON TX 77033",SE,101004248228,-7
"3831 WUTHERING HEIGHTS, HOUSTON TX 77045",SW,101004248238,-7
"16210 BANTAM RIDGE, HOUSTON TX 77053",SW,101004248267,-7
"11115 SAFEGUARD, HOUSTON TX 77047",SE,101004248275,-7
"4206 MCKINLEY, HOUSTON TX 77051",SE,101004248384,-7
"5313 BATAAN, HOUSTON TX 77033",SE,101004248460,-7
"6727 PARIS, HOUSTON TX 77021",SE,101004248472,-7
"13102 ROYAL BELL, HOUSTON TX 77047",SW,101004248493,-7
"7419 MAGNOLIA, HOUSTON TX 77023",SE,101004248499,-7
"3906 HARRIMAN, HOUSTON TX 77026",NE,101004248515,-7
"5767 BELLFORT, HOUSTON TX 77033",SE,101004248529,-7
"3007 FRIAR POINT, HOUSTON TX 77051",SE,101004248530,-7
"4726 BROOKSTON, HOUSTON TX 77045",SW,101004248553,-7
"9839 VOGUE, HOUSTON TX 77080",NE,101004248555,-7
"10003 BRIARWILD, HOUSTON TX 77080",NE,101004248571,-7
"5321 DIEPPE, HOUSTON TX 77033",SE,101004248648,-7
"3025 JIPSIE, HOUSTON TX 77051",SE,101004248668,-7
"10402 CATHEDRAL, HOUSTON TX 77051",SE,101004248669,-7
"4731 BROWNSTONE, HOUSTON TX 77053",SW,101004248672,-7
"1225 VERNAGE, HOUSTON TX 77047",SW,101004248759,-7
"16315 RAPIDCREEK, HOUSTON TX 77053",SW,101004248769,-7
"11907 LEITRIM, HOUSTON TX 77047",SE,101004248796,-7
"3034 JIPSIE, HOUSTON TX 77051",SE,101004248903,-7
"13202 ADLER, HOUSTON TX 77047",SW,101004248910,-7
"3236 OZARK, HOUSTON TX 77021",SE,101004248928,-7
"12111 QUEENSBURY, HOUSTON TX 77024",NE,101004248937,-7
"5623 ANDERSON, HOUSTON TX 77053",SW,101004248951,-7
"5925 PETTY, HOUSTON TX 77007",NE,101004248958,-7
Intersection 5100 CHERBOURG RD&6900 KASSARINE PASS,SE,101004249009,-7
"1022 HENKE, HOUSTON TX 77020",NE,101004249030,-7
"1406 INDIANA, HOUSTON TX 77006",NE,101004249049,-7
"13210 FARADAY, HOUSTON TX 77047",SW,101004249107,-7
"9255 KEMPWOOD, HOUSTON TX 77080",NE,101004249210,-7
"9818 MOORBERRY, HOUSTON TX 77080",NE,101004249213,-7
"8102 REDFERN, HOUSTON TX 77033",SE,101004249341,-7
"8222 BROCKTON, HOUSTON TX 77017",SE,101004249355,-7
"8537 WESTERN, HOUSTON TX 77055",NE,101004249395,-7
"3354 SAUER, HOUSTON TX 77004",SE,101004249429,-7
"5802 SOUTHINGTON, HOUSTON TX 77033",SE,101004249443,-7
"5505 CHENNAULT, HOUSTON TX 77033",SE,101004249444,-7
"2503 SOUTHWICK, HOUSTON TX 77080",NE,101004249483,-7
"10114 BUFFUM, HOUSTON TX 77051",SE,101004249499,-7
"6130 WORTHAM, HOUSTON TX 77033",SE,101004249593,-7
